"Date","Open"
"2015-10-22","57.07"
"2015-10-23","57.77"
"2015-10-26","57"
"2015-10-27","54.799999"
"2015-10-28","54.02"
"2015-10-29","51.869999"
"2015-10-30","51.560001"
"2015-11-02","50.860001"
"2015-11-03","53.09"
"2015-11-04","52.959999"
"2015-11-05","53.450001"
"2015-11-06","52.200001"
"2015-11-09","52.82"
"2015-11-10","53.700001"
"2015-11-11","54"
"2015-11-12","54.330002"
"2015-11-13","53.950001"
"2015-11-16","51.950001"
"2015-11-17","50.279999"
"2015-11-18","49.389999"
"2015-11-19","47.459999"
"2015-11-20","47.869999"
"2015-11-23","48.099998"
"2015-11-24","46"
"2015-11-25","46.5"
"2015-11-27","45.59"
"2015-11-30","46.299999"
"2015-12-01","46.5"
"2015-12-02","47.880001"
"2015-12-03","47.439999"
"2015-12-04","47.34"
"2015-12-07","48.650002"
"2015-12-08","48.490002"
"2015-12-09","47.439999"
"2015-12-10","48.07"
"2015-12-11","48.009998"
"2015-12-14","48.049999"
"2015-12-15","46.93"
"2015-12-16","48.32"
"2015-12-17","48.650002"
"2015-12-18","46.959999"
"2015-12-21","46.25"
"2015-12-22","47.48"
"2015-12-23","47.040001"
"2015-12-24","46.619999"
"2015-12-28","47.290001"
"2015-12-29","46.84"
"2015-12-30","47.93"
"2015-12-31","48.259998"
"2016-01-04","47.290001"
"2016-01-05","48.599998"
"2016-01-06","47.75"
"2016-01-07","46.419998"
"2016-01-08","46.599998"
"2016-01-11","43.200001"
"2016-01-12","43.950001"
"2016-01-13","43.43"
"2016-01-14","42.470001"
"2016-01-15","40.470001"
"2016-01-19","40.689999"
"2016-01-20","40.98"
"2016-01-21","40.279999"
"2016-01-22","41.209999"
"2016-01-25","41.470001"
"2016-01-26","40.279999"
"2016-01-27","41.310001"
"2016-01-28","40.82"
"2016-01-29","39.48"
"2016-02-01","38.919998"
"2016-02-02","39.84"
"2016-02-03","37.240002"
"2016-02-04","36.25"
"2016-02-05","38.73"
"2016-02-08","37.040001"
"2016-02-09","34.439999"
"2016-02-10","35.029999"
"2016-02-11","32.290001"
"2016-02-12","32.34"
"2016-02-16","34.619999"
"2016-02-17","36.380001"
"2016-02-18","38.759998"
"2016-02-19","37.900002"
"2016-02-22","39.419998"
"2016-02-23","39.25"
"2016-02-24","37.259998"
"2016-02-25","38.209999"
"2016-02-26","38.77"
"2016-02-29","38.490002"
"2016-03-01","38.779999"
"2016-03-02","39.07"
"2016-03-03","39.099998"
"2016-03-04","39.240002"
"2016-03-07","39.110001"
"2016-03-08","41.93"
"2016-03-09","41.720001"
"2016-03-10","41.98"
"2016-03-11","42.09"
"2016-03-14","42.57"
"2016-03-15","41.459999"
"2016-03-16","41.110001"
"2016-03-17","42.490002"
"2016-03-18","42.73"
"2016-03-21","42.380001"
"2016-03-22","41.639999"
"2016-03-23","41.66"
"2016-03-24","40.23"
"2016-03-28","41.040001"
"2016-03-29","40.869999"
"2016-03-30","42.099998"
"2016-03-31","41.59"
"2016-04-01","40.73"
"2016-04-04","41.240002"
"2016-04-05","40.209999"
"2016-04-06","40.189999"
"2016-04-07","40.880001"
"2016-04-08","41.259998"
"2016-04-11","41.169998"
"2016-04-12","41.240002"
"2016-04-13","41.939999"
"2016-04-14","42.060001"
"2016-04-15","43.310001"
"2016-04-18","43.830002"
"2016-04-19","44.439999"
"2016-04-20","44.66"
"2016-04-21","44.59"
"2016-04-22","43.5"
"2016-04-25","43.240002"
"2016-04-26","43.740002"
"2016-04-27","43.82"
"2016-04-28","44.060001"
"2016-04-29","45.369999"
"2016-05-02","46.5"
"2016-05-03","43.849998"
"2016-05-04","44.130001"
"2016-05-05","43.790001"
"2016-05-06","43.040001"
"2016-05-09","43.09"
"2016-05-10","43.18"
"2016-05-11","43.18"
"2016-05-12","43.529999"
"2016-05-13","43.57"
"2016-05-16","43.73"
"2016-05-17","42.779999"
"2016-05-18","42.119999"
"2016-05-19","41.73"
"2016-05-20","41.200001"
"2016-05-23","40.48"
"2016-05-24","40.939999"
"2016-05-25","42.220001"
"2016-05-26","42.110001"
"2016-05-27","42.049999"
"2016-05-31","42.389999"
"2016-06-01","42.349998"
"2016-06-02","42.709999"
"2016-06-03","43"
"2016-06-06","42.650002"
"2016-06-07","43.540001"
"2016-06-08","43.98"
"2016-06-09","43.150002"
"2016-06-10","42.150002"
"2016-06-13","40.970001"
"2016-06-14","40.950001"
"2016-06-15","40.830002"
"2016-06-16","40.57"
"2016-06-17","41.599998"
"2016-06-20","43.419998"
"2016-06-21","43.369999"
"2016-06-22","43.110001"
"2016-06-23","43.540001"
"2016-06-24","40.669998"
"2016-06-27","39.709999"
"2016-06-28","40.02"
"2016-06-29","39.919998"
"2016-06-30","40.380001"
"2016-07-01","41.709999"
"2016-07-05","40.93"
"2016-07-06","38.900002"
"2016-07-07","39.799999"
"2016-07-08","40.959999"
"2016-07-11","42.34"
"2016-07-12","42.84"
"2016-07-13","42.700001"
"2016-07-14","42.709999"
"2016-07-15","42.540001"
"2016-07-18","42.279999"
"2016-07-19","41.810001"
"2016-07-20","42.290001"
"2016-07-21","42.259998"
"2016-07-22","42.82"
"2016-07-25","43.18"
"2016-07-26","43.259998"
"2016-07-27","44.810001"
"2016-07-28","44.759998"
"2016-07-29","45.049999"
"2016-08-01","45.029999"
"2016-08-02","45.599998"
"2016-08-03","46.43"
"2016-08-04","46.709999"
"2016-08-05","47"
"2016-08-08","47.389999"
"2016-08-09","47.52"
"2016-08-10","47.93"
"2016-08-11","48.07"
"2016-08-12","48.360001"
"2016-08-15","48.41"
"2016-08-16","47.880001"
"2016-08-17","47.619999"
"2016-08-18","48.060001"
"2016-08-19","47.43"
"2016-08-22","47.759998"
"2016-08-23","48.880001"
"2016-08-24","48.5"
"2016-08-25","48.040001"
"2016-08-26","48.349998"
"2016-08-29","48.400002"
"2016-08-30","48.389999"
"2016-08-31","48.189999"
"2016-09-01","48.27"
"2016-09-02","48.25"
"2016-09-06","48.25"
"2016-09-07","49.549999"
"2016-09-08","49.099998"
"2016-09-09","49.220001"
"2016-09-12","47.360001"
"2016-09-13","48.110001"
"2016-09-14","47.52"
"2016-09-15","46.950001"
"2016-09-16","46.549999"
"2016-09-19","47.560001"
"2016-09-20","47.490002"
"2016-09-21","48.549999"
"2016-09-22","50.43"
"2016-09-23","50.650002"
"2016-09-26","50.220001"
"2016-09-27","50.080002"
"2016-09-28","50.650002"
"2016-09-29","51.490002"
"2016-09-30","51.419998"
"2016-10-03","51.919998"
"2016-10-04","52.549999"
"2016-10-05","53.310001"
"2016-10-06","53.290001"
"2016-10-07","53.32"
"2016-10-10","54.18"
"2016-10-11","53.419998"
"2016-10-12","53.099998"
"2016-10-13","52.889999"
"2016-10-14","52.849998"
"2016-10-17","52.75"
"2016-10-18","52.73"
"2016-10-19","52.009998"
"2016-10-20","52.48"
"2016-10-21","52.02"
"2016-10-24","52.830002"
"2016-10-25","52.990002"
"2016-10-26","52.790001"
"2016-10-27","53.119999"
"2016-10-28","52.630001"
"2016-10-31","52.73"
"2016-11-01","53.09"
"2016-11-02","51.139999"
"2016-11-03","50.970001"
"2016-11-04","50.43"
"2016-11-07","53.52"
"2016-11-08","54.43"
"2016-11-09","53.990002"
"2016-11-10","53.459999"
"2016-11-11","53.380001"
"2016-11-14","53.57"
"2016-11-15","52.779999"
"2016-11-16","53.150002"
"2016-11-17","53.23"
"2016-11-18","53.189999"
"2016-11-21","53.200001"
"2016-11-22","53.830002"
"2016-11-23","53.139999"
"2016-11-25","54.689999"
"2016-11-28","54"
"2016-11-29","53.82"
"2016-11-30","54.939999"
"2016-12-01","54.009998"
"2016-12-02","54.200001"
"2016-12-05","55.029999"
"2016-12-06","55.07"
"2016-12-07","56.32"
"2016-12-08","56.66"
"2016-12-09","56.82"
"2016-12-12","57.07"
"2016-12-13","57.040001"
"2016-12-14","58"
"2016-12-15","57.880001"
"2016-12-16","58.099998"
"2016-12-19","58.34"
"2016-12-20","58.130001"
"2016-12-21","58.599998"
"2016-12-22","58.52"
"2016-12-23","58.439999"
"2016-12-27","58.41"
"2016-12-28","58.150002"
"2016-12-29","58.16"
"2016-12-30","58.439999"
"2017-01-03","59.16"
"2017-01-04","58.84"
"2017-01-05","59.439999"
"2017-01-06","58.970001"
"2017-01-09","57.77"
"2017-01-10","58.98"
"2017-01-11","59"
"2017-01-12","60.57"
"2017-01-13","60.099998"
"2017-01-17","59.66"
"2017-01-18","60"
"2017-01-19","59.860001"
"2017-01-20","60.310001"
"2017-01-23","61.07"
"2017-01-24","62.459999"
"2017-01-25","62.779999"
"2017-01-26","61.939999"
"2017-01-27","62.029999"
"2017-01-30","60.919998"
"2017-01-31","60.939999"
"2017-02-01","62.5"
"2017-02-02","65.010002"
"2017-02-03","65.489998"
"2017-02-06","64.330002"
"2017-02-07","64.470001"
"2017-02-08","64.209999"
"2017-02-09","65.199997"
"2017-02-10","64.540001"
"2017-02-13","66"
"2017-02-14","66.360001"
"2017-02-15","65.230003"
"2017-02-16","66.470001"
"2017-02-17","65.440002"
"2017-02-21","65.25"
"2017-02-22","64.82"
"2017-02-23","66.43"
"2017-02-24","65.260002"
"2017-02-27","65.440002"
"2017-02-28","65.25"
"2017-03-01","65.599998"
"2017-03-02","65.870003"
"2017-03-03","66.080002"
"2017-03-06","65.75"
"2017-03-07","65.300003"
"2017-03-08","65.919998"
"2017-03-09","65.360001"
"2017-03-10","65.540001"
"2017-03-13","66.129997"
"2017-03-14","66.260002"
"2017-03-15","66.860001"
"2017-03-16","69.160004"
"2017-03-17","69.279999"
"2017-03-20","68.559998"
"2017-03-21","68.669998"
"2017-03-22","68.019997"
"2017-03-23","69.559998"
"2017-03-24","72.169998"
"2017-03-27","73.400002"
"2017-03-28","74.5"
"2017-03-29","74.68"
"2017-03-30","74.07"
"2017-03-31","74.110001"
"2017-04-03","74.599998"
"2017-04-04","73.720001"
"2017-04-05","73.510002"
"2017-04-06","72.860001"
"2017-04-07","72.110001"
"2017-04-10","71.889999"
"2017-04-11","72.080002"
"2017-04-12","71.830002"
"2017-04-13","71.470001"
"2017-04-17","70.870003"
"2017-04-18","70.540001"
"2017-04-19","71.529999"
"2017-04-20","72.330002"
"2017-04-21","71.32"
"2017-04-24","72.889999"
"2017-04-25","73.629997"
"2017-04-26","74.879997"
"2017-04-27","75.669998"
"2017-04-28","75.5"
"2017-05-01","75.650002"
"2017-05-02","75.82"
"2017-05-03","75.360001"
"2017-05-04","78.629997"
"2017-05-05","81.68"
"2017-05-08","82.129997"
"2017-05-09","83.5"
"2017-05-10","84.089996"
"2017-05-11","82.790001"
"2017-05-12","82.559998"
"2017-05-15","84.279999"
"2017-05-16","84.589996"
"2017-05-17","84.830002"
"2017-05-18","82.559998"
"2017-05-19","83.669998"
"2017-05-22","83.459999"
"2017-05-23","84.029999"
"2017-05-24","84.440002"
"2017-05-25","85.120003"
"2017-05-26","85.010002"
"2017-05-30","85.269997"
"2017-05-31","86.309998"
"2017-06-01","87.190002"
"2017-06-02","90.43"
"2017-06-05","90.120003"
"2017-06-06","90"
"2017-06-07","90.400002"
"2017-06-08","91.709999"
"2017-06-09","91.639999"
"2017-06-12","89.019997"
"2017-06-13","88.839996"
"2017-06-14","88.720001"
"2017-06-15","85.82"
"2017-06-16","88.550003"
"2017-06-19","89.279999"
"2017-06-20","89.43"
"2017-06-21","89.110001"
"2017-06-22","89.07"
"2017-06-23","88.980003"
"2017-06-26","89.370003"
"2017-06-27","88.309998"
"2017-06-28","87.190002"
"2017-06-29","86.389999"
"2017-06-30","86.639999"
"2017-07-03","86.339996"
"2017-07-05","84.989998"
"2017-07-06","85.480003"
"2017-07-07","85.279999"
"2017-07-10","86.089996"
"2017-07-11","89.349998"
"2017-07-12","90.470001"
"2017-07-13","92.529999"
"2017-07-14","92.739998"
"2017-07-17","93.339996"
"2017-07-18","93.550003"
"2017-07-19","95.239998"
"2017-07-20","99.160004"
"2017-07-21","99.290001"
"2017-07-24","100.199997"
"2017-07-25","101.139999"
"2017-07-26","102.889999"
"2017-07-27","105.699997"
"2017-07-28","104.870003"
"2017-07-31","105.720001"
"2017-08-01","108.779999"
"2017-08-02","106"
"2017-08-03","108.68"
"2017-08-04","108.669998"
"2017-08-07","109.349998"
"2017-08-08","111.43"
"2017-08-09","110.110001"
"2017-08-10","110.190002"
"2017-08-11","106.589996"
"2017-08-14","108.559998"
"2017-08-15","110.580002"
"2017-08-16","110.519997"
"2017-08-17","110.739998"
"2017-08-18","110"
"2017-08-21","110.419998"
"2017-08-22","112.889999"
"2017-08-23","115.099998"
"2017-08-24","115.900002"
"2017-08-25","114.589996"
"2017-08-28","114.029999"
"2017-08-29","113.309998"
"2017-08-30","114.559998"
"2017-08-31","113.790001"
"2017-09-01","114.919998"
"2017-09-05","115.919998"
"2017-09-06","118.089996"
"2017-09-07","111.209999"
"2017-09-08","110.449997"
"2017-09-11","110.809998"
"2017-09-12","111.470001"
"2017-09-13","109.809998"
"2017-09-14","109.32"
"2017-09-15","110.589996"
"2017-09-18","111.75"
"2017-09-19","112.910004"
"2017-09-20","113.279999"
"2017-09-21","113.050003"
"2017-09-22","112.93"
"2017-09-25","112.940002"
"2017-09-26","110.139999"
"2017-09-27","109.199997"
"2017-09-28","109.720001"
"2017-09-29","110.029999"
"2017-10-02","110.760002"
"2017-10-03","112.580002"
"2017-10-04","114.019997"
"2017-10-05","114.139999"
"2017-10-06","111.959999"
"2017-10-09","112.690002"
"2017-10-10","116.300003"
"2017-10-11","116.330002"
"2017-10-12","115.970001"
"2017-10-13","115.809998"
"2017-10-16","114.900002"
"2017-10-17","115.949997"
"2017-10-18","116.199997"
"2017-10-19","114.739998"
"2017-10-20","115.040001"
"2017-10-23","114.709999"
"2017-10-24","114.720001"
"2017-10-25","115.540001"
"2017-10-26","115.309998"
"2017-10-27","116.059998"
"2017-10-30","116.629997"
"2017-10-31","118"
"2017-11-01","121"
"2017-11-02","118.489998"
"2017-11-03","118.25"
"2017-11-06","117.190002"
"2017-11-07","116.519997"
"2017-11-08","113.440002"
"2017-11-09","110.82"
"2017-11-10","109.779999"
"2017-11-13","110.199997"
"2017-11-14","110.18"
"2017-11-15","108.32"
"2017-11-16","109.650002"
"2017-11-17","109.639999"
"2017-11-20","109.915001"
"2017-11-21","111.709999"
"2017-11-22","111.980003"
"2017-11-24","113.169998"
"2017-11-27","112.75"
"2017-11-28","112.580002"
"2017-11-29","111.809998"
"2017-11-30","108.709999"
"2017-12-01","107.599998"
"2017-12-04","107.029999"
"2017-12-05","104.459999"
"2017-12-06","104.779999"
"2017-12-07","104.209999"
"2017-12-08","106.239998"
"2017-12-11","106.669998"
"2017-12-12","106"
"2017-12-13","106.650002"
"2017-12-14","106.449997"
"2017-12-15","104.849998"
"2017-12-18","105.489998"
"2017-12-19","105.739998"
"2017-12-20","105.800003"
"2017-12-21","105.400002"
"2017-12-22","105.440002"
"2017-12-26","106.540001"
"2017-12-27","106.150002"
"2017-12-28","106.360001"
"2017-12-29","105.949997"
"2018-01-02","104.120003"
"2018-01-03","106.339996"
"2018-01-04","112.610001"
"2018-01-05","112.739998"
"2018-01-08","112.82"
"2018-01-09","115"
"2018-01-10","114"
"2018-01-11","115.919998"
"2018-01-12","118.589996"
"2018-01-16","118.739998"
"2018-01-17","118.849998"
"2018-01-18","119.419998"
"2018-01-19","120.790001"
"2018-01-22","120.849998"
"2018-01-23","120.529999"
"2018-01-24","119.260002"
"2018-01-25","119.279999"
"2018-01-26","118.949997"
"2018-01-29","118.660004"
"2018-01-30","118.779999"
"2018-01-31","118.32"
"2018-02-01","123.949997"
"2018-02-02","130.350006"
"2018-02-05","127.32"
"2018-02-06","121.019997"
"2018-02-07","124.800003"
"2018-02-08","124.309998"
"2018-02-09","119.260002"
"2018-02-12","119.589996"
"2018-02-13","122.82"
"2018-02-14","122.040001"
"2018-02-15","129.529999"
"2018-02-16","130.320007"
"2018-02-20","126.860001"
"2018-02-21","129.580002"
"2018-02-22","127.790001"
"2018-02-23","127.050003"
"2018-02-26","130.130005"
"2018-02-27","129.149994"
"2018-02-28","126.099998"
"2018-03-01","124.199997"
"2018-03-02","120.519997"
"2018-03-05","119.050003"
"2018-03-06","122.75"
"2018-03-07","122.300003"
"2018-03-08","125.300003"
"2018-03-09","124.199997"
"2018-03-12","124.599998"
"2018-03-13","124.970001"
"2018-03-14","123.93"
"2018-03-15","122.470001"
"2018-03-16","123.18"
"2018-03-19","122.419998"
"2018-03-20","121.129997"
"2018-03-21","123.260002"
"2018-03-22","121.93"
"2018-03-23","120.889999"
"2018-03-26","121.699997"
"2018-03-27","122.690002"
"2018-03-28","121.489998"
"2018-03-29","121.169998"
"2018-04-02","119.690002"
"2018-04-03","120.510002"
"2018-04-04","117.25"
"2018-04-05","120.919998"
"2018-04-06","121.330002"
"2018-04-09","121.529999"
"2018-04-10","121.949997"
"2018-04-11","120.720001"
"2018-04-12","121.529999"
"2018-04-13","121.730003"
"2018-04-16","122.489998"
"2018-04-17","123.739998"
"2018-04-18","124.190002"
"2018-04-19","124"
"2018-04-20","122.419998"
"2018-04-23","121.470001"
"2018-04-24","122.730003"
"2018-04-25","122.459999"
"2018-04-26","123.459999"
"2018-04-27","123"
"2018-04-30","121.800003"
"2018-05-01","122.660004"
"2018-05-02","126.410004"
"2018-05-03","124.18"
"2018-05-04","134.919998"
"2018-05-07","139.360001"
"2018-05-08","136.800003"
"2018-05-09","136.539993"
"2018-05-10","135.039993"
"2018-05-11","135.610001"
"2018-05-14","135.350006"
"2018-05-15","134.020004"
"2018-05-16","133.460007"
"2018-05-17","133.550003"
"2018-05-18","133.160004"
"2018-05-21","134.5"
"2018-05-22","133.910004"
"2018-05-23","130.679993"
"2018-05-24","130.539993"
"2018-05-25","131.130005"
"2018-05-29","127.809998"
"2018-05-30","129.619995"
"2018-05-31","130.380005"
"2018-06-01","133.660004"
"2018-06-04","132.610001"
"2018-06-05","135.839996"
"2018-06-06","136.970001"
"2018-06-07","138.240005"
"2018-06-08","136.220001"
"2018-06-11","138.740005"
"2018-06-12","140.580002"
"2018-06-13","142.589996"
"2018-06-14","148.080002"
"2018-06-15","149.850006"
"2018-06-18","146.449997"
"2018-06-19","145.350006"
"2018-06-20","144.479996"
"2018-06-21","141.550003"
"2018-06-22","141.610001"
"2018-06-25","137.979996"
"2018-06-26","136.869995"
"2018-06-27","137.800003"
"2018-06-28","131.869995"
"2018-06-29","135.610001"
"2018-07-02","132.779999"
"2018-07-03","134.570007"
"2018-07-05","135.919998"
"2018-07-06","135.160004"
"2018-07-09","136.029999"
"2018-07-10","138.369995"
"2018-07-11","136.080002"
"2018-07-12","137.360001"
"2018-07-13","143.25"
"2018-07-16","142"
"2018-07-17","141.580002"
"2018-07-18","142.720001"
"2018-07-19","142.210007"
"2018-07-20","140.020004"
"2018-07-23","132.5"
"2018-07-24","134.460007"
"2018-07-25","132.089996"
"2018-07-26","132.509995"
"2018-07-27","131.179993"
"2018-07-30","131.539993"
"2018-07-31","132.559998"
"2018-08-01","134.770004"
"2018-08-02","122.489998"
"2018-08-03","130.850006"
"2018-08-06","123.650002"
"2018-08-07","125.839996"
"2018-08-08","126.010002"
"2018-08-09","125.949997"
"2018-08-10","120.18"
"2018-08-13","121.330002"
"2018-08-14","121.75"
"2018-08-15","120.57"
"2018-08-16","120.269997"
"2018-08-17","119.510002"
"2018-08-20","121.529999"
"2018-08-21","124.870003"
"2018-08-22","126.959999"
"2018-08-23","124.629997"
"2018-08-24","126.260002"
"2018-08-27","127.260002"
"2018-08-28","129.550003"
"2018-08-29","132.660004"
"2018-08-30","134.539993"
"2018-08-31","132.889999"
"2018-09-04","130.059998"
"2018-09-05","127.629997"
"2018-09-06","126.050003"
"2018-09-07","126.199997"
"2018-09-10","127.410004"
"2018-09-11","125.699997"
"2018-09-12","131.240005"
"2018-09-13","133.729996"
"2018-09-14","133.100006"
"2018-09-17","133.279999"
"2018-09-18","133.110001"
"2018-09-19","136.899994"
"2018-09-20","135.869995"
"2018-09-21","137.289993"
"2018-09-24","137.470001"
"2018-09-25","140.020004"
"2018-09-26","139.839996"
"2018-09-27","140.960007"
"2018-09-28","137.259995"
"2018-10-01","139.669998"
"2018-10-02","137.220001"
"2018-10-03","137.369995"
"2018-10-04","136.270004"
"2018-10-05","131.710007"
"2018-10-08","128.809998"
"2018-10-09","127.949997"
"2018-10-10","123.779999"
"2018-10-11","117.449997"
"2018-10-12","117.620003"
"2018-10-15","114.68"
"2018-10-16","122.800003"
"2018-10-17","119.480003"
"2018-10-18","116.449997"
"2018-10-19","115.919998"
"2018-10-22","115.220001"
"2018-10-23","112.970001"
"2018-10-24","113.419998"
"2018-10-25","114.110001"
"2018-10-26","113.290001"
"2018-10-29","117.779999"
"2018-10-30","114.919998"
"2018-10-31","117.790001"
"2018-11-01","120.029999"
"2018-11-02","120.239998"
"2018-11-05","116.419998"
"2018-11-06","115.470001"
"2018-11-07","115.940002"
"2018-11-08","115.949997"
"2018-11-09","111.75"
"2018-11-12","108.589996"
"2018-11-13","108.919998"
"2018-11-14","112.57"
"2018-11-15","109.75"
"2018-11-16","110.32"
"2018-11-19","110.5"
"2018-11-20","105.760002"
"2018-11-21","105.400002"
"2018-11-23","106.709999"
"2018-11-26","107.989998"
"2018-11-27","106.989998"
"2018-11-28","102.639999"
"2018-11-29","108.269997"
"2018-11-30","108.5"
"2018-12-03","111.809998"
"2018-12-04","111.599998"
"2018-12-06","106.220001"
"2018-12-07","108.309998"
"2018-12-10","105.239998"
"2018-12-11","107.529999"
"2018-12-12","105.900002"
"2018-12-13","105.809998"
"2018-12-14","102.120003"
"2018-12-17","100.790001"
"2018-12-18","101.760002"
"2018-12-19","104.190002"
"2018-12-20","103.110001"
"2018-12-21","100.980003"
"2018-12-24","97.400002"
"2018-12-26","95.889999"
"2018-12-27","96.309998"
"2018-12-28","99.449997"
"2018-12-31","99.559998"
"2019-01-02","98.099998"
"2019-01-03","98.849998"
"2019-01-04","100.230003"
"2019-01-07","103.32"
"2019-01-08","107.620003"
"2019-01-09","112.160004"
"2019-01-10","109.870003"
"2019-01-11","111.739998"
"2019-01-14","110.610001"
"2019-01-15","112.550003"
"2019-01-16","111.900002"
"2019-01-17","113.559998"
"2019-01-18","114.260002"
"2019-01-22","112.230003"
"2019-01-23","111.209999"
"2019-01-24","110.949997"
"2019-01-25","111.970001"
"2019-01-28","110.110001"
"2019-01-29","110.790001"
"2019-01-30","110.809998"
"2019-01-31","116.040001"
"2019-02-01","126.07"
"2019-02-04","126.010002"
"2019-02-05","127.970001"
"2019-02-06","127.029999"
"2019-02-07","123.370003"
"2019-02-08","123.199997"
"2019-02-11","123.260002"
"2019-02-12","124.099998"
"2019-02-13","125.809998"
"2019-02-14","124.5"
"2019-02-15","125.68"
"2019-02-19","125.739998"
"2019-02-20","126.32"
"2019-02-21","125.599998"
"2019-02-22","126.25"
"2019-02-25","127.129997"
"2019-02-26","128.070007"
"2019-02-27","128.589996"
"2019-02-28","128.130005"
"2019-03-01","130.289993"
"2019-03-04","131.800003"
"2019-03-05","130.509995"
"2019-03-06","130.440002"
"2019-03-07","128.490005"
"2019-03-08","127.010002"
"2019-03-11","128.720001"
"2019-03-12","130.229996"
"2019-03-13","130.729996"
"2019-03-14","130.660004"
"2019-03-15","132"
"2019-03-18","131.660004"
"2019-03-19","132.429993"
"2019-03-20","132.889999"
"2019-03-21","131.880005"
"2019-03-22","131.050003"
"2019-03-25","129.919998"
"2019-03-26","132"
"2019-03-27","133.889999"
"2019-03-28","132.970001"
"2019-03-29","133.789993"
"2019-04-01","135.740005"
"2019-04-02","135.169998"
"2019-04-03","136.649994"
"2019-04-04","136.809998"
"2019-04-05","137.490005"
"2019-04-08","137.119995"
"2019-04-09","136.279999"
"2019-04-10","135.809998"
"2019-04-11","136.910004"
"2019-04-12","138.860001"
"2019-04-15","138"
"2019-04-16","136.050003"
"2019-04-17","136.889999"
"2019-04-18","137.339996"
"2019-04-22","139.910004"
"2019-04-23","137.649994"
"2019-04-24","137.270004"
"2019-04-25","135.490005"
"2019-04-26","134.770004"
"2019-04-29","134.570007"
"2019-04-30","136.039993"
"2019-05-01","136.139999"
"2019-05-02","134.820007"
"2019-05-03","133.929993"
"2019-05-06","130.25"
"2019-05-07","138.309998"
"2019-05-08","138.509995"
"2019-05-09","141.309998"
"2019-05-10","141.429993"
"2019-05-13","137.770004"
"2019-05-14","140.559998"
"2019-05-15","138.770004"
"2019-05-16","143.039993"
"2019-05-17","142.940002"
"2019-05-20","141.679993"
"2019-05-21","142.809998"
"2019-05-22","142.710007"
"2019-05-23","142.399994"
"2019-05-24","143.149994"
"2019-05-28","143.009995"
"2019-05-29","141.699997"
"2019-05-30","142.169998"
"2019-05-31","140.470001"
"2019-06-03","142.009995"
"2019-06-04","142.410004"
"2019-06-05","144.479996"
"2019-06-06","146.389999"
"2019-06-07","150.179993"
"2019-06-10","150.800003"
"2019-06-11","155.309998"
"2019-06-12","154.740005"
"2019-06-13","154.039993"
"2019-06-14","153.220001"
"2019-06-17","153.460007"
"2019-06-18","156.580002"
"2019-06-19","156.850006"
"2019-06-20","162.050003"
"2019-06-21","161.190002"
"2019-06-24","162.869995"
"2019-06-25","161.449997"
"2019-06-26","159.699997"
"2019-06-27","158.960007"
"2019-06-28","161.320007"
"2019-07-01","162.570007"
"2019-07-02","164.820007"
"2019-07-03","168.179993"
"2019-07-05","165.559998"
"2019-07-08","166.179993"
"2019-07-09","165.279999"
"2019-07-10","167.070007"
"2019-07-11","166.699997"
"2019-07-12","167.039993"
"2019-07-15","168.089996"
"2019-07-16","170.070007"
"2019-07-17","169.509995"
"2019-07-18","168.699997"
"2019-07-19","167.440002"
"2019-07-22","167.190002"
"2019-07-23","168.529999"
"2019-07-24","168.139999"
"2019-07-25","167.25"
"2019-07-26","165.550003"
"2019-07-29","165.050003"
"2019-07-30","160.830002"
"2019-07-31","162.300003"
"2019-08-01","162.679993"
"2019-08-02","161.679993"
"2019-08-05","158.979996"
"2019-08-06","157"
"2019-08-07","155.350006"
"2019-08-08","158.580002"
"2019-08-09","159.080002"
"2019-08-12","158.139999"
"2019-08-13","158.529999"
"2019-08-14","159"
"2019-08-15","155.710007"
"2019-08-16","154.130005"
"2019-08-19","157"
"2019-08-20","155.070007"
"2019-08-21","157.220001"
"2019-08-22","156.050003"
"2019-08-23","154.009995"
"2019-08-26","155.979996"
"2019-08-27","159.720001"
"2019-08-28","157.539993"
"2019-08-29","159.339996"
"2019-08-30","158.339996"
"2019-09-03","158.710007"
"2019-09-04","160.5"
"2019-09-05","163.050003"
"2019-09-06","163.949997"
"2019-09-09","164.479996"
"2019-09-10","154.199997"
"2019-09-11","152.75"
"2019-09-12","152.550003"
"2019-09-13","154.029999"
"2019-09-16","151.5"
"2019-09-17","151.649994"
"2019-09-18","153.850006"
"2019-09-19","154.479996"
"2019-09-20","152.740005"
"2019-09-23","151.050003"
"2019-09-24","151.690002"
"2019-09-25","148.660004"
"2019-09-26","152"
"2019-09-27","153.149994"
"2019-09-30","153.360001"
"2019-10-01","154.070007"
"2019-10-02","148.029999"
"2019-10-03","147.119995"
"2019-10-04","149.850006"
"2019-10-07","148.949997"
"2019-10-08","148.979996"
"2019-10-09","149.110001"
"2019-10-10","148.110001"
"2019-10-11","152.059998"
"2019-10-14","154.309998"
"2019-10-15","155.410004"
"2019-10-16","158.889999"
"2019-10-17","159.699997"
"2019-10-18","157"
"2019-10-21","157.050003"
"2019-10-22","156.979996"
"2019-10-23","153.009995"
"2019-10-24","153.149994"
"2019-10-25","155"
"2019-10-28","157.020004"
"2019-10-29","157.369995"
"2019-10-30","158.570007"
"2019-10-31","159.570007"
"2019-11-01","160.529999"
"2019-11-04","171.899994"
"2019-11-05","168.399994"
"2019-11-06","165.270004"
"2019-11-07","165.990005"
"2019-11-08","165.460007"
"2019-11-11","163.800003"
"2019-11-12","164.710007"
"2019-11-13","163.990005"
"2019-11-14","163.949997"
"2019-11-15","166.910004"
"2019-11-18","165.710007"
"2019-11-19","165.699997"
"2019-11-20","166.009995"
"2019-11-21","165.770004"
"2019-11-22","166.460007"
"2019-11-25","166.649994"
"2019-11-26","168.449997"
"2019-11-27","170.779999"
"2019-11-29","168.529999"
"2019-12-02","167.190002"
"2019-12-03","167.179993"
"2019-12-04","168.860001"
"2019-12-05","168.429993"
"2019-12-06","167.589996"
"2019-12-09","163.800003"
"2019-12-10","165.029999"
"2019-12-11","165.210007"
"2019-12-12","165.949997"
"2019-12-13","166.160004"
"2019-12-16","165.720001"
"2019-12-17","167"
"2019-12-18","167.399994"
"2019-12-19","166"
"2019-12-20","167.300003"
"2019-12-23","168"
"2019-12-24","168.029999"
"2019-12-26","167.820007"
"2019-12-27","168.449997"
"2019-12-30","167.720001"
"2019-12-31","165"
"2020-01-02","167.050003"
"2020-01-03","166.759995"
"2020-01-06","164.759995"
"2020-01-07","165.979996"
"2020-01-08","167.039993"
"2020-01-09","170.759995"
"2020-01-10","174.419998"
"2020-01-13","172.710007"
"2020-01-14","173.669998"
"2020-01-15","172.960007"
"2020-01-16","172.580002"
"2020-01-17","174.990005"
"2020-01-21","172.350006"
"2020-01-22","175"
"2020-01-23","171.960007"
"2020-01-24","173.779999"
"2020-01-27","167.399994"
"2020-01-28","169.509995"
"2020-01-29","172.110001"
"2020-01-30","170.479996"
"2020-01-31","169.410004"
"2020-02-03","168.660004"
"2020-02-04","168.25"
"2020-02-05","169.539993"
"2020-02-06","167.589996"
"2020-02-07","167.419998"
"2020-02-10","167.770004"
"2020-02-11","169.889999"
"2020-02-12","172.440002"
"2020-02-13","171.380005"
"2020-02-14","172.970001"
"2020-02-18","176.630005"
"2020-02-19","180.360001"
"2020-02-20","178.970001"
"2020-02-21","176.330002"
"2020-02-24","161.880005"
"2020-02-25","165"
"2020-02-26","161.889999"
"2020-02-27","158.089996"
"2020-02-28","154.110001"
"2020-03-02","156.360001"
"2020-03-03","161.210007"
"2020-03-04","157.580002"
"2020-03-05","155.610001"
"2020-03-06","152.270004"
"2020-03-09","141.169998"
"2020-03-10","145.889999"
"2020-03-11","146.350006"
"2020-03-12","132.949997"
"2020-03-13","143.929993"
"2020-03-16","129.360001"
"2020-03-17","139.009995"
"2020-03-18","134.110001"
"2020-03-19","135.970001"
"2020-03-20","137.419998"
"2020-03-23","132.809998"
"2020-03-24","140.789993"
"2020-03-25","149.339996"
"2020-03-26","151.649994"
"2020-03-27","152.610001"
"2020-03-30","151.210007"
"2020-03-31","152.449997"
"2020-04-01","152.720001"
"2020-04-02","146.330002"
"2020-04-03","139.100006"
"2020-04-06","139.869995"
"2020-04-07","150.550003"
"2020-04-08","150.690002"
"2020-04-09","154"
"2020-04-13","157.479996"
"2020-04-14","155.559998"
"2020-04-15","152.850006"
"2020-04-16","154.720001"
"2020-04-17","162.889999"
"2020-04-20","158.990005"
"2020-04-21","158.339996"
"2020-04-22","157.289993"
"2020-04-23","156.529999"
"2020-04-24","158"
"2020-04-27","157.559998"
"2020-04-28","159.529999"
"2020-04-29","159"
"2020-04-30","156.369995"
"2020-05-01","153.690002"
"2020-05-04","154.259995"
"2020-05-05","155.529999"
"2020-05-06","158.330002"
"2020-05-07","157.889999"
"2020-05-08","158.330002"
"2020-05-11","158.710007"
"2020-05-12","160.139999"
"2020-05-13","158.229996"
"2020-05-14","151.199997"
"2020-05-15","157.520004"
"2020-05-18","161.380005"
"2020-05-19","159.770004"
"2020-05-20","159.970001"
"2020-05-21","160.860001"
"2020-05-22","159.529999"
"2020-05-26","164.080002"
"2020-05-27","164.940002"
"2020-05-28","164.800003"
"2020-05-29","169.990005"
"2020-06-01","168.479996"
"2020-06-02","169.410004"
"2020-06-03","174.139999"
"2020-06-04","174.100006"
"2020-06-05","173.300003"
"2020-06-08","171.330002"
"2020-06-09","172.039993"
"2020-06-10","175.800003"
"2020-06-11","169.360001"
"2020-06-12","170.179993"
"2020-06-15","164.740005"
"2020-06-16","173.289993"
"2020-06-17","168.910004"
"2020-06-18","168.369995"
"2020-06-19","168.270004"
"2020-06-22","172.720001"
"2020-06-23","174.830002"
"2020-06-24","170.600006"
"2020-06-25","167.779999"
"2020-06-26","172.169998"
"2020-06-29","171.169998"
"2020-06-30","168.5"
"2020-07-01","169.660004"
"2020-07-02","173.929993"
"2020-07-06","175.800003"
"2020-07-07","176.440002"
"2020-07-08","175.580002"
"2020-07-09","177.199997"
"2020-07-10","178.220001"
"2020-07-13","179.5"
"2020-07-14","174.270004"
"2020-07-15","179.110001"
"2020-07-16","177.160004"
"2020-07-17","177.240005"
"2020-07-20","178.300003"
"2020-07-21","182.259995"
"2020-07-22","182.679993"
"2020-07-23","184"
"2020-07-24","179.639999"
"2020-07-27","181.330002"
"2020-07-28","179"
"2020-07-29","180.509995"
"2020-07-30","178.279999"
"2020-07-31","180.990005"
"2020-08-03","181.559998"
"2020-08-04","182.529999"
"2020-08-05","188"
"2020-08-06","185.740005"
"2020-08-07","186.539993"
"2020-08-10","183.880005"
"2020-08-11","187.800003"
"2020-08-12","191.059998"
"2020-08-13","193.710007"
"2020-08-14","194.809998"
"2020-08-17","195.869995"
"2020-08-18","199"
"2020-08-19","197.100006"
"2020-08-20","192.460007"
"2020-08-21","191.619995"
"2020-08-24","197.380005"
"2020-08-25","198.270004"
"2020-08-26","196.059998"
"2020-08-27","198.460007"
"2020-08-28","196.110001"
"2020-08-31","195.679993"
"2020-09-01","194.229996"
"2020-09-02","197.550003"
"2020-09-03","196.100006"
"2020-09-04","191.949997"
"2020-09-08","186.539993"
"2020-09-09","189.020004"
"2020-09-10","190"
"2020-09-11","190.699997"
"2020-09-14","191.789993"
"2020-09-15","194.470001"
"2020-09-16","192.029999"
"2020-09-17","187.910004"
"2020-09-18","188.669998"
"2020-09-21","183.899994"
"2020-09-22","183.050003"
"2020-09-23","183.440002"
"2020-09-24","182.009995"
"2020-09-25","179.25"
"2020-09-28","183.860001"
"2020-09-29","183.630005"
"2020-09-30","182.850006"
"2020-10-01","184.490005"
"2020-10-02","180.589996"
"2020-10-05","181.25"
"2020-10-06","181.289993"
"2020-10-07","180.539993"
"2020-10-08","182.279999"
"2020-10-09","181.789993"
"2020-10-12","184.740005"
"2020-10-13","185.800003"
"2020-10-14","185.990005"
"2020-10-15","181.740005"
"2020-10-16","191.059998"
"2020-10-19","192.529999"
"2020-10-20","192.339996"
"2020-10-21","189.779999"
"2020-10-22","189.199997"
"2020-10-23","190.509995"
"2020-10-26","186.059998"
"2020-10-27","186.710007"
"2020-10-28","179.119995"
"2020-10-29","177.100006"
"2020-10-30","178.410004"
"2020-11-02","180.699997"
"2020-11-03","192.990005"
"2020-11-04","202.100006"
"2020-11-05","204.179993"
"2020-11-06","207"
"2020-11-09","212.699997"
"2020-11-10","203.460007"
"2020-11-11","207.820007"
"2020-11-12","208.850006"
"2020-11-13","208.059998"
"2020-11-16","208.5"
"2020-11-17","210.710007"
"2020-11-18","214.509995"
"2020-11-19","212.460007"
"2020-11-20","211.919998"
"2020-11-23","210.649994"
"2020-11-24","210"
"2020-11-25","211.279999"
"2020-11-27","212.740005"
"2020-11-30","214.559998"
"2020-12-01","212.589996"
"2020-12-02","213.570007"
"2020-12-03","215.399994"
"2020-12-04","212.199997"
"2020-12-07","209.809998"
"2020-12-08","210.520004"
"2020-12-09","216.679993"
"2020-12-10","213.429993"
"2020-12-11","213.070007"
"2020-12-14","217.350006"
"2020-12-15","220.240005"
"2020-12-16","223.610001"
"2020-12-17","223.720001"
"2020-12-18","226.020004"
"2020-12-21","220.960007"
"2020-12-22","225.479996"
"2020-12-23","228.179993"
"2020-12-24","225.009995"
"2020-12-28","229.440002"
"2020-12-29","233.660004"
"2020-12-30","233.009995"
"2020-12-31","229.020004"
"2021-01-04","231.660004"
"2021-01-05","226.020004"
"2021-01-06","221.330002"
"2021-01-07","221.009995"
"2021-01-08","219.589996"
"2021-01-11","215.520004"
"2021-01-12","216.600006"
"2021-01-13","220.380005"
"2021-01-14","219.539993"
"2021-01-15","214.820007"
"2021-01-19","211.490005"
"2021-01-20","211.520004"
"2021-01-21","213.410004"
"2021-01-22","213.809998"
"2021-01-25","211.630005"
"2021-01-26","211.080002"
"2021-01-27","206.520004"
"2021-01-28","208.190002"
"2021-01-29","209.5"
"2021-02-01","212.490005"
"2021-02-02","211.089996"
"2021-02-03","201.690002"
"2021-02-04","200.080002"
"2021-02-05","203.869995"
"2021-02-08","207.5"
"2021-02-09","208.360001"
"2021-02-10","208.75"
"2021-02-11","205.449997"
"2021-02-12","204.029999"
"2021-02-16","203.479996"
"2021-02-17","198.259995"
"2021-02-18","199.089996"
"2021-02-19","199.169998"
"2021-02-22","195.880005"
"2021-02-23","194.669998"
"2021-02-24","195.279999"
"2021-02-25","196.199997"
"2021-02-26","196.399994"
"2021-03-01","195"
"2021-03-02","196.759995"
"2021-03-03","192.660004"
"2021-03-04","189.449997"
"2021-03-05","189.429993"
"2021-03-08","188.169998"
"2021-03-09","192.960007"
"2021-03-10","194.429993"
"2021-03-11","197.919998"
"2021-03-12","193.899994"
"2021-03-15","195.240005"
"2021-03-16","197.220001"
"2021-03-17","195.399994"
"2021-03-18","194.259995"
"2021-03-19","196.389999"
"2021-03-22","201.809998"
"2021-03-23","206.639999"
"2021-03-24","201.059998"
"2021-03-25","199.289993"
"2021-03-26","203.110001"
"2021-03-29","203.720001"
"2021-03-30","203.479996"
"2021-03-31","209"
"2021-04-01","209.979996"
"2021-04-05","210.300003"
"2021-04-06","208.970001"
"2021-04-07","207.679993"
"2021-04-08","208.630005"
"2021-04-09","207.740005"
"2021-04-12","209.169998"
"2021-04-13","210.350006"
"2021-04-14","211.649994"
"2021-04-15","211.029999"
"2021-04-16","210.949997"
"2021-04-19","212.630005"
"2021-04-20","209"
"2021-04-21","209.330002"
"2021-04-22","214.330002"
"2021-04-23","214.139999"
"2021-04-26","216.949997"
"2021-04-27","218.509995"
"2021-04-28","217.550003"
"2021-04-29","216.929993"
"2021-04-30","215.389999"
"2021-05-03","219.369995"
"2021-05-04","208.800003"
"2021-05-05","205.729996"
"2021-05-06","201.25"
"2021-05-07","198.899994"
"2021-05-10","199.440002"
"2021-05-11","196.75"
"2021-05-12","198.039993"
"2021-05-13","197.830002"
"2021-05-14","198.740005"
"2021-05-17","199.580002"
"2021-05-18","202.940002"
"2021-05-19","200.690002"
"2021-05-20","206"
"2021-05-21","211.070007"
"2021-05-24","211.5"
"2021-05-25","212.25"
"2021-05-26","212.369995"
"2021-05-27","211.860001"
"2021-05-28","209.979996"
"2021-06-01","213.210007"
"2021-06-02","212.360001"
"2021-06-03","214.410004"
"2021-06-04","217.25"
"2021-06-07","218.809998"
"2021-06-08","220.770004"
"2021-06-09","214.699997"
"2021-06-10","212.399994"
"2021-06-11","211"
"2021-06-14","203.720001"
"2021-06-15","204.240005"
"2021-06-16","202.889999"
"2021-06-17","197.589996"
"2021-06-18","200.460007"
"2021-06-21","201.509995"
"2021-06-22","202.080002"
"2021-06-23","201.080002"
"2021-06-24","201.779999"
"2021-06-25","204.050003"
"2021-06-28","205.070007"
"2021-06-29","206.990005"
"2021-06-30","206.350006"
"2021-07-01","204.809998"
"2021-07-02","204.729996"
"2021-07-06","206.789993"
"2021-07-07","206.960007"
"2021-07-08","204.830002"
"2021-07-09","208.479996"
"2021-07-12","210.619995"
"2021-07-13","208.929993"
"2021-07-14","210.009995"
"2021-07-15","206.839996"
"2021-07-16","207.110001"
"2021-07-19","204.399994"
"2021-07-20","202.479996"
"2021-07-21","205.149994"
"2021-07-22","206.75"
"2021-07-23","209.809998"
"2021-07-26","211.160004"
"2021-07-27","212.210007"
"2021-07-28","210.649994"
"2021-07-29","214.070007"
"2021-07-30","218"
"2021-08-02","216.839996"
"2021-08-03","211.649994"
"2021-08-04","212.850006"
"2021-08-05","216.550003"
"2021-08-06","220.429993"
"2021-08-09","221"
"2021-08-10","222.589996"
"2021-08-11","223.539993"
"2021-08-12","224.100006"
"2021-08-13","225.630005"
"2021-08-16","225.490005"
"2021-08-17","222.830002"
"2021-08-18","219.789993"
"2021-08-19","211.979996"
"2021-08-20","211"
"2021-08-23","213.850006"
"2021-08-24","215"
"2021-08-25","216.539993"
"2021-08-26","215.630005"
"2021-08-27","214.619995"
"2021-08-30","216.649994"
"2021-08-31","216.910004"
"2021-09-01","217.529999"
"2021-09-02","219.960007"
"2021-09-03","219.320007"
"2021-09-07","220.360001"
"2021-09-08","219.479996"
"2021-09-09","223.539993"
"2021-09-10","222.669998"
"2021-09-13","220.639999"
"2021-09-14","221.720001"
"2021-09-15","221.639999"
"2021-09-16","221.820007"
"2021-09-17","218.509995"
"2021-09-20","212.449997"
"2021-09-21","214.779999"
"2021-09-22","214.570007"
"2021-09-23","217.190002"
"2021-09-24","215.740005"
"2021-09-27","215.850006"
"2021-09-28","215.119995"
"2021-09-29","212.419998"
"2021-09-30","208.279999"
"2021-10-01","209.830002"
"2021-10-04","207.839996"
"2021-10-05","206.720001"
"2021-10-06","206.149994"
"2021-10-07","209.470001"
"2021-10-08","212.220001"
"2021-10-11","213.360001"
"2021-10-12","215.699997"
"2021-10-13","217.020004"
"2021-10-14","217.869995"
"2021-10-15","222.729996"
"2021-10-18","222.119995"
"2021-10-19","223.740005"
"2021-10-20","224.389999"
"2021-10-21","224.039993"
"2021-10-22","224.399994"
"2021-10-25","227.360001"
"2021-10-26","236.320007"
"2021-10-27","230.639999"
"2021-10-28","236.300003"
"2021-10-29","235.160004"
"2021-11-01","241.350006"
"2021-11-02","240.059998"
"2021-11-03","261.670013"
"2021-11-04","256.450012"
"2021-11-05","266.220001"
"2021-11-08","262.359985"
"2021-11-09","260.880005"
"2021-11-10","254.949997"
"2021-11-11","256.140015"
"2021-11-12","259.799988"
"2021-11-15","260.190002"
"2021-11-16","258.660004"
"2021-11-17","263.519989"
"2021-11-18","266.839996"
"2021-11-19","268.799988"
"2021-11-22","275.369995"
"2021-11-23","271.380005"
"2021-11-24","264.059998"
"2021-11-26","264.540009"
"2021-11-29","266.100006"
"2021-11-30","266.420013"
"2021-12-01","263.720001"
"2021-12-02","260.399994"
"2021-12-03","261.899994"
"2021-12-06","258.890015"
"2021-12-07","263.640015"
"2021-12-08","267.720001"
"2021-12-09","263.549988"
"2021-12-10","259.799988"
"2021-12-13","259.880005"
"2021-12-14","256.26001"
"2021-12-15","258.5"
"2021-12-16","259.130005"
"2021-12-17","253.800003"
"2021-12-20","250.440002"
"2021-12-21","249.399994"
"2021-12-22","247.300003"
"2021-12-23","250"
"2021-12-27","254.679993"
"2021-12-28","258.309998"
"2021-12-29","256.5"
"2021-12-30","257.049988"
"2021-12-31","256.640015"
"2022-01-03","259.399994"
"2022-01-04","261.779999"
"2022-01-05","268.670013"
"2022-01-06","262.48999"
"2022-01-07","257.519989"
"2022-01-10","252.029999"
"2022-01-11","251.539993"
"2022-01-12","256.660004"
"2022-01-13","256.079987"
"2022-01-14","246.399994"
"2022-01-18","238.479996"
"2022-01-19","241.25"
"2022-01-20","240.240005"
"2022-01-21","234.179993"
"2022-01-24","227.070007"
"2022-01-25","225.440002"
"2022-01-26","228.050003"
"2022-01-27","225.479996"
"2022-01-28","222.559998"
"2022-01-31","225.520004"
"2022-02-01","233.990005"
"2022-02-02","237"
"2022-02-03","232.649994"
"2022-02-04","227.740005"
"2022-02-07","225.949997"
"2022-02-08","221.350006"
"2022-02-09","231.899994"
"2022-02-10","225.100006"
"2022-02-11","222.5"
"2022-02-14","217.720001"
"2022-02-15","224.779999"
"2022-02-16","223.539993"
"2022-02-17","225.570007"
"2022-02-18","221.220001"
"2022-02-22","217"
"2022-02-23","221.029999"
"2022-02-24","204.880005"
"2022-02-25","212.199997"
"2022-02-28","212.039993"
"2022-03-01","214.899994"
"2022-03-02","208.979996"
"2022-03-03","211.080002"
"2022-03-04","200.710007"
"2022-03-07","195.279999"
"2022-03-08","186.699997"
"2022-03-09","195.910004"
"2022-03-10","193.800003"
"2022-03-11","195.259995"
"2022-03-14","194.490005"
"2022-03-15","193.449997"
"2022-03-16","201.320007"
"2022-03-17","204.880005"
"2022-03-18","204.820007"
"2022-03-21","210"
"2022-03-22","211.110001"
"2022-03-23","210.009995"
"2022-03-24","209.899994"
"2022-03-25","214.160004"
"2022-03-28","215"
"2022-03-29","224.240005"
"2022-03-30","222.389999"
"2022-03-31","222.320007"
"2022-04-01","220.429993"
"2022-04-04","229.619995"
"2022-04-05","228.839996"
"2022-04-06","221.240005"
"2022-04-07","221.360001"
"2022-04-08","217.919998"
"2022-04-11","219.240005"
"2022-04-12","225.710007"
"2022-04-13","218.220001"
"2022-04-14","223.740005"
"2022-04-18","219.990005"
"2022-04-19","217.820007"
"2022-04-20","223.350006"
"2022-04-21","223.320007"
"2022-04-22","214.259995"
"2022-04-25","209.029999"
"2022-04-26","211.440002"
"2022-04-27","205.789993"
"2022-04-28","210.679993"
"2022-04-29","213.130005"
"2022-05-02","209.5"
"2022-05-03","214.139999"
"2022-05-04","208.779999"
"2022-05-05","206.399994"
"2022-05-06","199.089996"
"2022-05-09","192.910004"
"2022-05-10","194.449997"
"2022-05-11","190.119995"
"2022-05-12","185.5"
"2022-05-13","191.029999"
"2022-05-16","192.509995"
"2022-05-17","191.600006"
"2022-05-18","188.380005"
"2022-05-19","183.5"
"2022-05-20","192.050003"
"2022-05-23","188.529999"
"2022-05-24","190.330002"
"2022-05-25","188.089996"
"2022-05-26","192.119995"
"2022-05-27","200.399994"
"2022-05-31","195.779999"
"2022-06-01","192.009995"
"2022-06-02","190.899994"
"2022-06-03","192.610001"
"2022-06-06","192.600006"
"2022-06-07","189.399994"
"2022-06-08","191.559998"
"2022-06-09","189.309998"
"2022-06-10","182.789993"
"2022-06-13","174.119995"
"2022-06-14","171.429993"
"2022-06-15","172.809998"
"2022-06-16","176.899994"
"2022-06-17","175.880005"
"2022-06-21","183.5"
"2022-06-22","181.360001"
"2022-06-23","183.839996"
"2022-06-24","186.759995"
"2022-06-27","188.919998"
"2022-06-28","188.339996"
"2022-06-29","182.919998"
"2022-06-30","181.339996"
"2022-07-01","183.119995"
"2022-07-05","185.460007"
"2022-07-06","188.809998"
"2022-07-07","190.839996"
"2022-07-08","191.460007"
"2022-07-11","192.770004"
"2022-07-12","191.639999"
"2022-07-13","187.039993"
"2022-07-14","188.970001"
"2022-07-15","191.389999"
"2022-07-18","198.979996"
"2022-07-19","200.220001"
"2022-07-20","195.850006"
"2022-07-21","198.179993"
"2022-07-22","202.619995"
"2022-07-25","203.300003"
"2022-07-26","197.860001"
"2022-07-27","198.25"
"2022-07-28","205.020004"
"2022-07-29","209.399994"
"2022-08-01","213.889999"
"2022-08-02","211.380005"
"2022-08-03","211.839996"
"2022-08-04","215.779999"
"2022-08-05","212.149994"
"2022-08-08","213.300003"
"2022-08-09","212.789993"
"2022-08-10","215.850006"
"2022-08-11","216.619995"
"2022-08-12","214.720001"
"2022-08-15","214.539993"
"2022-08-16","209.949997"
"2022-08-17","210.839996"
"2022-08-18","211.080002"
"2022-08-19","208.740005"
"2022-08-22","202.5"
"2022-08-23","201.479996"
"2022-08-24","201.479996"
"2022-08-25","204.559998"
"2022-08-26","204.5"
"2022-08-29","198.369995"
"2022-08-30","199.25"
"2022-08-31","195.639999"
"2022-09-01","192.5"
"2022-09-02","196.020004"
"2022-09-06","188.710007"
"2022-09-07","192.240005"
"2022-09-08","190.300003"
"2022-09-09","197.179993"
"2022-09-12","200.479996"
"2022-09-13","197.720001"
"2022-09-14","198.800003"
"2022-09-15","198.440002"
"2022-09-16","196.380005"
"2022-09-19","194.710007"
"2022-09-20","194.699997"
"2022-09-21","192.779999"
"2022-09-22","191.339996"
"2022-09-23","186.550003"
"2022-09-26","187.279999"
"2022-09-27","190.199997"
"2022-09-28","187.179993"
"2022-09-29","185.639999"
"2022-09-30","184.850006"
"2022-10-03","183.860001"
"2022-10-04","192.529999"
"2022-10-05","189.410004"
"2022-10-06","190.740005"
"2022-10-07","187.440002"
"2022-10-10","184.580002"
"2022-10-11","183.350006"
"2022-10-12","183"
"2022-10-13","178"
"2022-10-14","185.580002"
"2022-10-17","186.720001"
"2022-10-18","192.740005"
"2022-10-19","189.119995"
"2022-10-20","187.570007"
"2022-10-21","184.899994"
"2022-10-24","189.5"
"2022-10-25","194.139999"
"2022-10-26","195.660004"
"2022-10-27","198.759995"
"2022-10-28","196.619995"
"2022-10-31","196.740005"
"2022-11-01","200.860001"
"2022-11-02","192.899994"
"2022-11-03","189.160004"
"2022-11-04","201.690002"
"2022-11-07","200.419998"
"2022-11-08","202.179993"
"2022-11-09","202.240005"
"2022-11-10","211.880005"
"2022-11-11","215"
"2022-11-14","215.899994"
"2022-11-15","215.940002"
"2022-11-16","214.399994"
"2022-11-17","211.100006"
"2022-11-18","214.429993"
"2022-11-21","214.860001"
"2022-11-22","214.910004"
"2022-11-23","216.610001"
"2022-11-25","217.580002"
"2022-11-28","218.970001"
"2022-11-29","215.550003"
"2022-11-30","219.649994"
"2022-12-01","226.179993"
"2022-12-02","224.639999"
"2022-12-05","226.919998"
"2022-12-06","223.490005"
"2022-12-07","220.990005"
"2022-12-08","219.630005"
"2022-12-09","219.979996"
"2022-12-12","222.289993"
"2022-12-13","229.220001"
"2022-12-14","225.919998"
"2022-12-15","224.029999"
"2022-12-16","221.050003"
"2022-12-19","218.380005"
"2022-12-20","213.449997"
"2022-12-21","213.779999"
"2022-12-22","213.199997"
"2022-12-23","210.800003"
"2022-12-27","211.800003"
"2022-12-28","212"
"2022-12-29","213.789993"
"2022-12-30","215.539993"
"2023-01-03","216.660004"
"2023-01-04","219.199997"
"2023-01-05","217.25"
"2023-01-06","216.839996"
"2023-01-09","230"
"2023-01-10","230.100006"
"2023-01-11","232.960007"
"2023-01-12","234.119995"
"2023-01-13","234.779999"
"2023-01-17","237.360001"
"2023-01-18","241.940002"
"2023-01-19","239.449997"
"2023-01-20","240.199997"
"2023-01-23","241.949997"
"2023-01-24","242.699997"
"2023-01-25","242.759995"
"2023-01-26","246.759995"
"2023-01-27","248.820007"
"2023-01-30","253.75"
"2023-01-31","246.600006"
"2023-02-01","249.809998"
"2023-02-02","265.200012"
"2023-02-03","260.450012"
"2023-02-06","260.399994"
"2023-02-07","262.51001"
"2023-02-08","266.459991"
"2023-02-09","269.579987"
"2023-02-10","258.299988"
"2023-02-13","261.609985"
"2023-02-14","261.25"
"2023-02-15","263.98999"
"2023-02-16","265.309998"
"2023-02-17","264.890015"
"2023-02-21","263.040009"
"2023-02-22","261.809998"
"2023-02-23","263.959991"
"2023-02-24","257.700012"
"2023-02-27","260.880005"
"2023-02-28","259.720001"
"2023-03-01","265.700012"
"2023-03-02","262.320007"
"2023-03-03","271.899994"
"2023-03-06","273.5"
"2023-03-07","273.540009"
"2023-03-08","268.570007"
"2023-03-09","268.149994"
"2023-03-10","265.769989"
"2023-03-13","258.200012"
"2023-03-14","262.559998"
"2023-03-15","254.289993"
"2023-03-16","256.320007"
"2023-03-17","258.339996"
"2023-03-20","262.73999"
"2023-03-21","265.700012"
"2023-03-22","269.059998"
"2023-03-23","269.040009"
"2023-03-24","264.230011"
"2023-03-27","268.200012"
"2023-03-28","266.809998"
"2023-03-29","269.790009"
"2023-03-30","269.279999"
"2023-03-31","270.720001"
"2023-04-03","270.200012"
"2023-04-04","273.380005"
"2023-04-05","274.98999"
"2023-04-06","269.5"
"2023-04-10","270.079987"
"2023-04-11","274.26001"
"2023-04-12","277.380005"
"2023-04-13","283"
"2023-04-14","284.940002"
"2023-04-17","280.619995"
"2023-04-18","280.140015"
"2023-04-19","279.959991"